City_ID,City,Lat,Lng,Max Temp,Humidity,Cloudiness,Wind Speed,Country,Date
0,Vidim,56.4088,103.1106,37.53,93,100,7.25,RU,2022-04-29 02:14:27
1,Rio Grande,-32.035,-52.0986,56.95,79,0,10.22,BR,2022-04-29 02:14:28
2,Longyearbyen,78.2186,15.6401,6.64,61,20,14.97,SJ,2022-04-29 02:14:28
3,Rikitea,-23.1203,-134.9692,77.05,69,0,18.34,PF,2022-04-29 02:14:29
4,Lewiston,44.1003,-70.2148,45.39,38,0,16.11,US,2022-04-29 02:11:18
5,Jamestown,42.097,-79.2353,35.71,60,0,3.44,US,2022-04-29 02:13:31
6,Hermanus,-34.4187,19.2345,60.98,89,100,6.64,ZA,2022-04-29 02:14:29
7,Fairbanks,64.8378,-147.7164,53.56,33,0,4.61,US,2022-04-29 02:14:30
8,Clyde River,70.4692,-68.5914,3.43,92,100,4.61,CA,2022-04-29 02:09:53
9,Punta Arenas,-53.15,-70.9167,42.91,75,75,26.46,CL,2022-04-29 02:09:53
10,Tyukhtet,56.5389,89.3011,54.23,58,100,13.62,RU,2022-04-29 02:14:30
11,Katsuura,35.1333,140.3,60.82,89,100,13.96,JP,2022-04-29 02:14:31
12,Isangel,-19.55,169.2667,73.98,92,100,20.85,VU,2022-04-29 02:14:31
13,Phan Thiet,10.9333,108.1,76.91,93,100,6.64,VN,2022-04-29 02:12:15
14,Atuona,-9.8,-139.0333,79.36,74,58,19.62,PF,2022-04-29 02:14:32
15,Kargasok,59.0556,80.8572,57.81,78,100,12.24,RU,2022-04-29 02:14:32
16,Gornozavodsk,58.3758,58.3211,26.4,75,65,8.93,RU,2022-04-29 02:14:33
17,Sakakah,29.9697,40.2064,66.67,50,0,4.97,SA,2022-04-29 02:14:33
18,Niamey,13.5137,2.1098,85.69,18,67,7.74,NE,2022-04-29 02:14:34
19,Svetogorsk,61.1121,28.8632,33.39,91,100,4.0,RU,2022-04-29 02:14:34
20,Santiago De Chuco,-8.15,-78.1833,49.95,92,85,4.25,PE,2022-04-29 02:14:34
21,Ushuaia,-54.8,-68.3,40.66,87,40,27.63,AR,2022-04-29 02:11:53
22,Albany,42.6001,-73.9662,43.63,34,0,8.01,US,2022-04-29 02:14:34
23,Pinheiro Machado,-31.5783,-53.3811,53.06,85,0,4.16,BR,2022-04-29 02:14:35
24,Bambous Virieux,-20.3428,57.7575,74.21,94,40,4.61,MU,2022-04-29 02:14:36
25,Ust-Kuyga,70.0167,135.6,16.03,86,48,8.14,RU,2022-04-29 02:14:36
26,Divnomorskoye,44.5011,38.1353,54.77,86,100,5.99,RU,2022-04-29 02:14:37
27,Chokurdakh,70.6333,147.9167,8.06,88,47,4.45,RU,2022-04-29 02:10:54
28,Sinnamary,5.3833,-52.95,77.97,87,87,11.43,GF,2022-04-29 02:14:37
29,Kodiak,57.79,-152.4072,44.11,76,100,20.71,US,2022-04-29 02:14:38
30,Auriflama,-20.6856,-50.5547,77.77,40,99,5.79,BR,2022-04-29 02:14:38
31,Guaratinga,-16.5667,-39.5667,69.04,97,7,3.13,BR,2022-04-29 02:14:39
32,Chinsali,-10.5414,32.0816,57.65,96,41,6.96,ZM,2022-04-29 02:14:39
33,Ipixuna,-1.7625,-48.8043,73.58,98,100,3.15,BR,2022-04-29 02:14:40
34,Srednekolymsk,67.45,153.6833,23.07,82,99,6.64,RU,2022-04-29 02:14:36
35,Lompoc,34.6391,-120.4579,61.79,69,0,13.8,US,2022-04-29 02:14:40
36,Mataura,-46.1927,168.8643,57.47,62,8,0.92,NZ,2022-04-29 02:14:41
37,Kahului,20.8947,-156.47,86.02,60,40,21.85,US,2022-04-29 02:12:26
38,Kemijarvi,66.7131,27.4306,24.1,69,100,7.47,FI,2022-04-29 02:14:41
39,Butaritari,3.0707,172.7902,82.06,77,100,15.93,KI,2022-04-29 02:14:41
40,Port Hardy,50.6996,-127.4199,50.18,66,75,6.91,CA,2022-04-29 02:12:15
41,Tuktoyaktuk,69.4541,-133.0374,14.0,85,75,14.97,CA,2022-04-29 02:15:42
42,Ohaeawai,-35.3509,173.8822,64.81,76,77,5.84,NZ,2022-04-29 02:15:43
43,Tiarei,-17.5333,-149.3333,87.82,75,9,22.75,PF,2022-04-29 02:15:43
44,Megion,61.0296,76.1136,51.82,98,99,12.28,RU,2022-04-29 02:15:43
45,Pochutla,15.7432,-96.4661,82.81,69,3,4.56,MX,2022-04-29 02:12:28
46,Basco,20.4487,121.9702,82.63,84,5,17.65,PH,2022-04-29 02:15:44
47,Meulaboh,4.1363,96.1285,81.01,81,70,3.4,ID,2022-04-29 02:15:44
48,Yellowknife,62.456,-114.3525,32.56,69,20,20.71,CA,2022-04-29 02:15:27
49,Mwinilunga,-11.7358,24.4293,56.34,94,20,5.48,ZM,2022-04-29 02:11:00
50,Son La,21.3167,103.9,84.18,63,94,3.38,VN,2022-04-29 02:15:45
51,Mar Del Plata,-38.0023,-57.5575,46.87,82,0,11.99,AR,2022-04-29 02:15:45
52,Carnarvon,-24.8667,113.6333,75.27,41,0,19.57,AU,2022-04-29 02:13:39
53,Luderitz,-26.6481,15.1594,58.89,76,15,9.78,NA,2022-04-29 02:15:46
54,Killybegs,54.6333,-8.45,45.59,87,50,4.88,IE,2022-04-29 02:15:46
55,Saldanha,-33.0117,17.9442,60.12,86,37,9.28,ZA,2022-04-29 02:15:47
56,Hamburg,53.55,10.0,41.02,92,98,2.3,DE,2022-04-29 02:15:30
57,Elliot Lake,46.3834,-82.6331,30.52,61,3,2.37,CA,2022-04-29 02:15:48
58,Kupang,-10.1667,123.5833,85.12,59,99,4.38,ID,2022-04-29 02:15:48
59,Vrangel,42.7297,133.0839,47.66,57,100,8.48,RU,2022-04-29 02:15:48
60,Hamilton,39.1834,-84.5333,57.24,50,75,10.36,US,2022-04-29 02:15:26
61,Vardo,70.3705,31.1107,26.89,61,100,22.7,NO,2022-04-29 02:15:49
62,Busselton,-33.65,115.3333,62.6,59,3,1.48,AU,2022-04-29 02:15:49
63,Asau,46.4333,26.4,47.32,97,100,5.64,RO,2022-04-29 02:15:50
64,Sao Joao Da Barra,-21.6403,-41.0511,76.05,88,0,12.68,BR,2022-04-29 02:15:50
65,Iqaluit,63.7506,-68.5145,6.53,72,75,3.44,CA,2022-04-29 02:15:51
66,Hithadhoo,-0.6,73.0833,84.67,65,36,4.27,MV,2022-04-29 02:15:51
67,Bethel,41.3712,-73.414,47.48,37,0,6.91,US,2022-04-29 02:11:12
68,Destin,30.3935,-86.4958,73.4,83,0,4.61,US,2022-04-29 02:15:52
69,Lavrentiya,65.5833,-171.0,30.87,95,98,11.45,RU,2022-04-29 02:15:52
70,New Norfolk,-42.7826,147.0587,72.9,76,100,1.01,AU,2022-04-29 02:15:53
71,Waipawa,-41.4122,175.5153,57.47,58,7,7.65,NZ,2022-04-29 02:15:53
72,Saint George,37.1041,-113.5841,77.59,5,0,14.97,US,2022-04-29 02:12:53
73,Port Alfred,-33.5906,26.891,66.97,52,10,9.69,ZA,2022-04-29 02:15:54
74,Nikolskoye,59.7035,30.7861,36.72,86,100,7.63,RU,2022-04-29 02:15:54
75,Qaanaaq,77.484,-69.3632,15.31,90,77,7.65,GL,2022-04-29 02:15:04
76,Point Fortin,10.1833,-61.6833,77.9,85,28,11.97,TT,2022-04-29 02:15:54
77,Belaya Gora,68.5333,146.4167,18.57,80,100,4.23,RU,2022-04-29 02:15:55
78,Port Elizabeth,-33.918,25.5701,63.32,66,4,3.0,ZA,2022-04-29 02:14:04
79,Ponta Do Sol,32.6667,-17.1,63.72,82,100,4.83,PT,2022-04-29 02:15:55
80,Virginia Beach,36.8529,-75.978,55.47,63,0,0.0,US,2022-04-29 02:11:03
81,Saskylakh,71.9167,114.0833,21.6,82,100,8.16,RU,2022-04-29 02:12:17
82,Barrow,71.2906,-156.7887,8.62,78,100,20.71,US,2022-04-29 02:15:56
83,Thompson,55.7435,-97.8558,42.96,49,100,3.44,CA,2022-04-29 02:15:57
84,Kaitangata,-46.2817,169.8464,55.15,70,1,3.8,NZ,2022-04-29 02:15:57
85,Camocim,-2.9022,-40.8411,77.0,88,68,7.49,BR,2022-04-29 02:11:38
86,Cabo San Lucas,22.8909,-109.9124,79.11,59,0,0.0,MX,2022-04-29 02:16:58
87,Tiksi,71.6872,128.8694,18.9,81,83,8.39,RU,2022-04-29 02:16:58
88,Grindavik,63.8424,-22.4338,48.15,100,75,9.22,IS,2022-04-29 02:16:58
89,Belle Fourche,44.6714,-103.8522,59.32,55,100,13.53,US,2022-04-29 02:16:59
90,Saint-Philippe,-21.3585,55.7679,74.79,79,46,13.11,RE,2022-04-29 02:16:59
91,Sherman,33.6357,-96.6089,74.98,75,0,8.05,US,2022-04-29 02:17:00
92,Puerto Ayora,-0.7393,-90.3518,71.76,91,3,6.98,EC,2022-04-29 02:17:00
93,Kapaa,22.0752,-159.319,77.47,82,75,11.5,US,2022-04-29 02:17:01
94,Nienburg,52.6333,9.2167,45.28,92,100,3.98,DE,2022-04-29 02:17:01
95,Yar-Sale,66.8333,70.8333,16.86,84,100,5.61,RU,2022-04-29 02:17:01
96,Cape Town,-33.9258,18.4232,60.89,89,75,5.75,ZA,2022-04-29 02:15:05
97,Owando,-0.4819,15.8999,69.89,97,100,2.01,CG,2022-04-29 02:17:02
98,Pishin,30.5803,66.9961,73.65,21,49,5.23,PK,2022-04-29 02:17:02
99,Alyangula,-13.8483,136.4192,86.77,59,95,2.44,AU,2022-04-29 02:17:03
100,Cervo,43.6702,-7.4101,52.65,90,36,0.49,ES,2022-04-29 02:17:03
101,Chapais,49.7834,-74.8492,28.18,89,80,5.77,CA,2022-04-29 02:17:04
102,Pueblo,38.2545,-104.6091,75.96,15,0,5.75,US,2022-04-29 02:17:04
103,Burlington,39.8835,-74.6413,50.83,23,0,10.36,US,2022-04-29 02:13:23
104,Markova,48.6758,24.4138,41.38,94,84,2.44,UA,2022-04-29 02:17:05
105,Leczna,51.3012,22.8814,39.51,100,0,0.0,PL,2022-04-29 02:17:05
106,Jiangyou,31.7667,104.7167,66.27,74,100,3.22,CN,2022-04-29 02:17:06
107,Mazagao,-0.115,-51.2894,77.05,97,100,3.29,BR,2022-04-29 02:17:06
108,High Level,58.5169,-117.136,39.31,65,75,16.11,CA,2022-04-29 02:17:07
109,Hofn,64.2539,-15.2082,45.09,60,5,9.66,IS,2022-04-29 02:17:07
110,Tura,25.5198,90.2201,78.76,79,0,4.12,IN,2022-04-29 02:17:08
111,Vaini,-21.2,-175.2,82.56,65,40,10.36,TO,2022-04-29 02:17:08
112,Georgetown,5.4112,100.3354,85.95,79,20,0.0,MY,2022-04-29 02:13:56
113,Esperance,-33.8667,121.9,60.64,67,82,10.78,AU,2022-04-29 02:17:08
114,Amurzet,47.6967,131.0981,55.51,25,6,11.25,RU,2022-04-29 02:17:09
115,Diffa,13.3154,12.6113,85.71,35,78,7.85,NE,2022-04-29 02:13:23
116,Batsfjord,70.6345,29.7185,22.78,79,100,21.85,NO,2022-04-29 02:17:10
117,El Dorado,38.7666,-120.5177,57.29,52,7,3.29,US,2022-04-29 02:17:10
118,Kollam,8.8833,76.6,82.02,82,100,4.83,IN,2022-04-29 02:17:10
119,Lahaina,20.8783,-156.6825,86.0,81,54,7.47,US,2022-04-29 02:13:33
120,Bantou,26.2151,117.4893,77.22,84,100,4.61,CN,2022-04-29 02:17:11
121,Praia Da Vitoria,38.7333,-27.0667,61.75,100,75,23.02,PT,2022-04-29 02:17:11
122,Mehran,33.1222,46.1646,75.11,45,100,5.86,IR,2022-04-29 02:17:12
123,Evensk,61.95,159.2333,40.1,76,67,15.37,RU,2022-04-29 02:13:46
124,Nhulunbuy,-12.2333,136.7667,88.41,62,40,10.36,AU,2022-04-29 02:17:13
125,Tarsus,36.9188,34.8784,62.47,51,0,5.44,TR,2022-04-29 02:17:13
126,Codrington,-38.2667,141.9667,70.5,51,100,16.75,AU,2022-04-29 02:17:13
127,Victoria,22.2855,114.1577,86.97,79,48,8.01,HK,2022-04-29 02:12:44
128,Dinga,32.6398,73.722,86.47,27,47,5.48,PK,2022-04-29 02:17:14
129,Mayahi,13.9553,7.6712,82.47,17,68,4.97,NE,2022-04-29 02:17:15
130,Wufeng,27.45,104.8333,60.76,64,6,2.42,CN,2022-04-29 02:17:15
131,Calgary,51.0501,-114.0853,51.03,24,75,11.01,CA,2022-04-29 02:17:16
132,Hovd,48.0056,91.6419,46.27,22,8,1.16,MN,2022-04-29 02:18:16
133,Alpena,45.0617,-83.4327,39.45,72,0,0.0,US,2022-04-29 02:18:17
134,Guatire,10.4762,-66.5427,79.2,98,100,1.52,VE,2022-04-29 02:18:17
135,Payo,-3.7508,103.6372,82.2,75,100,0.47,ID,2022-04-29 02:18:18
136,Bathsheba,13.2167,-59.5167,79.41,89,40,12.66,BB,2022-04-29 02:18:18
137,Hobart,-42.8794,147.3294,73.26,70,75,12.66,AU,2022-04-29 02:18:19
138,Pacifica,37.6138,-122.4869,60.44,77,20,28.77,US,2022-04-29 02:18:19
139,Kinango,-4.1372,39.3153,72.21,88,76,6.02,KE,2022-04-29 02:18:20
140,Hilo,19.7297,-155.09,80.28,79,20,9.22,US,2022-04-29 02:16:59
141,Bosaso,11.2842,49.1816,83.82,70,65,11.95,SO,2022-04-29 02:18:21
142,Avarua,-21.2078,-159.775,80.65,83,100,10.36,CK,2022-04-29 02:18:22
143,Lebu,-37.6167,-73.65,48.54,80,1,16.37,CL,2022-04-29 02:16:21
144,Kavieng,-2.5744,150.7967,86.31,64,31,6.08,PG,2022-04-29 02:18:23
145,Okhotsk,59.3833,143.3,33.98,70,100,16.8,RU,2022-04-29 02:18:23
146,Cabedelo,-6.9811,-34.8339,75.87,82,97,10.76,BR,2022-04-29 02:18:24
147,Raudeberg,61.9875,5.1352,39.87,87,100,3.87,NO,2022-04-29 02:18:24
148,Ribeira Grande,38.5167,-28.7,63.59,84,100,20.71,PT,2022-04-29 02:18:25
149,Ovalle,-30.5983,-71.2003,66.24,46,0,2.66,CL,2022-04-29 02:18:25
150,Boyolangu,-8.1181,111.8935,83.95,76,23,5.61,ID,2022-04-29 02:18:26
151,Maceio,-9.6658,-35.7353,76.44,83,40,2.3,BR,2022-04-29 02:18:27
152,Palana,59.1167,159.9667,35.02,69,6,18.19,RU,2022-04-29 02:18:27
153,Maraba,-5.3686,-49.1178,72.7,96,89,1.48,BR,2022-04-29 02:18:28
154,Kenmare,51.8833,-9.5833,44.08,93,100,0.69,IE,2022-04-29 02:18:28
155,Weston,26.1004,-80.3998,75.22,87,100,1.01,US,2022-04-29 02:18:29
156,Kruisfontein,-34.0033,24.7314,59.88,51,5,8.46,ZA,2022-04-29 02:14:43
157,Gillette,44.2911,-105.5022,52.95,77,100,13.8,US,2022-04-29 02:16:06
158,Malatya,38.5,38.0,51.85,54,40,2.3,TR,2022-04-29 02:18:29
159,Baghdad,33.3406,44.4009,73.31,49,75,6.91,IQ,2022-04-29 02:17:05
160,Tessalit,20.1986,1.0114,78.82,12,0,6.71,ML,2022-04-29 02:18:30
161,Victor Harbor,-35.5667,138.6167,68.0,76,100,1.01,AU,2022-04-29 02:18:30
162,San Patricio,28.017,-97.5169,77.09,81,23,13.53,US,2022-04-29 02:18:31
163,Stawell,-37.05,142.7667,67.23,60,100,13.0,AU,2022-04-29 02:18:31
164,Marawi,7.9986,124.2928,80.11,69,84,3.56,PH,2022-04-29 02:18:32
165,San Jose,37.3394,-121.895,61.05,55,20,13.8,US,2022-04-29 02:15:37
166,Abonnema,4.7084,6.7931,78.1,89,62,4.23,NG,2022-04-29 02:18:32
167,Pangoa,-12.1167,-73.0,67.46,99,100,2.33,PE,2022-04-29 02:18:33
168,Haines Junction,60.7522,-137.5108,42.75,65,79,2.3,CA,2022-04-29 02:18:33
169,Fare,-16.7,-151.0167,81.84,70,0,22.03,PF,2022-04-29 02:18:33
170,Carbonia,39.1672,8.5222,56.35,68,99,5.26,IT,2022-04-29 02:18:34
171,Dikson,73.5069,80.5464,9.77,91,22,20.69,RU,2022-04-29 02:18:34
172,Angol,-37.8,-72.7167,44.19,85,5,6.15,CL,2022-04-29 02:18:35
173,Enshi,30.3,109.4833,65.84,78,94,1.3,CN,2022-04-29 02:18:35
174,Aklavik,68.2191,-135.0107,24.44,84,100,10.63,CA,2022-04-29 02:18:36
175,Acapulco,16.8634,-99.8901,80.42,83,0,2.3,MX,2022-04-29 02:18:36
176,Ilulissat,69.2167,-51.1,26.62,93,100,0.0,GL,2022-04-29 02:18:37
177,Bengkulu,-3.8004,102.2655,82.29,72,98,3.49,ID,2022-04-29 02:18:37
178,Husavik,66.0449,-17.3389,42.31,67,8,5.57,IS,2022-04-29 02:19:37
179,Shimoda,34.6667,138.95,59.36,85,100,15.19,JP,2022-04-29 02:19:38
180,Norman Wells,65.282,-126.8329,39.24,52,75,11.5,CA,2022-04-29 02:19:38
181,Faanui,-16.4833,-151.75,81.46,72,0,21.54,PF,2022-04-29 02:19:39
182,Kaura Namoda,12.5898,6.5779,81.68,54,96,8.12,NG,2022-04-29 02:19:39
183,Ilave,-16.0833,-69.6667,39.04,88,6,4.07,PE,2022-04-29 02:19:40
184,Severo-Kurilsk,50.6789,156.125,35.33,91,89,18.03,RU,2022-04-29 02:19:40
185,East London,-33.0153,27.9116,69.66,45,3,8.77,ZA,2022-04-29 02:15:07
186,Leningradskiy,69.3833,178.4167,26.4,91,100,5.37,RU,2022-04-29 02:18:48
187,Angoram,-4.0625,144.0661,92.66,53,100,1.83,PG,2022-04-29 02:19:41
188,Manokwari,-0.8667,134.0833,83.12,70,96,3.24,ID,2022-04-29 02:19:41
189,Palmer,42.1584,-72.3287,46.24,32,0,9.22,US,2022-04-29 02:16:38
190,Upernavik,72.7868,-56.1549,13.82,93,100,5.14,GL,2022-04-29 02:19:41
191,Nola,40.922,14.5329,60.39,85,27,7.65,IT,2022-04-29 02:19:42
192,Laguna,38.421,-121.4238,70.14,51,0,11.5,US,2022-04-29 02:18:36
193,Baruun-Urt,46.6806,113.2792,38.59,30,0,19.1,MN,2022-04-29 02:19:42
194,Coari,-4.085,-63.1414,74.48,96,100,2.53,BR,2022-04-29 02:19:43
195,Selikhino,50.3672,137.4996,43.48,47,5,4.56,RU,2022-04-29 02:19:43
196,Marion,39.7684,-86.1555,56.03,65,100,11.5,US,2022-04-29 02:19:44
197,Samana,19.2056,-69.3369,71.83,69,14,7.31,DO,2022-04-29 02:19:44
198,Kysyl-Syr,63.8986,122.7617,36.37,79,17,3.6,RU,2022-04-29 02:19:44
199,Karasjok,69.4719,25.5112,20.35,94,100,11.07,NO,2022-04-29 02:19:45
200,North Myrtle Beach,33.816,-78.68,64.45,66,0,5.75,US,2022-04-29 02:19:45
201,Arrecife,28.963,-13.5477,62.58,72,0,18.41,ES,2022-04-29 02:16:18
202,Ballina,-28.8667,153.5667,77.18,98,14,6.64,AU,2022-04-29 02:19:46
203,Vila Franca Do Campo,37.7167,-25.4333,64.2,96,100,25.52,PT,2022-04-29 02:19:46
204,Ancud,-41.8697,-73.8203,43.36,87,19,4.07,CL,2022-04-29 02:19:47
205,Turukhansk,65.8167,87.9833,33.78,98,100,5.57,RU,2022-04-29 02:19:47
206,Bluff,-46.6,168.3333,57.79,69,35,4.21,NZ,2022-04-29 02:19:47
207,Arraial Do Cabo,-22.9661,-42.0278,75.25,88,1,19.19,BR,2022-04-29 02:19:48
208,Rawson,-43.3002,-65.1023,45.59,37,1,8.39,AR,2022-04-29 02:19:48
209,Baiyin,36.5583,104.2081,53.24,39,99,6.64,CN,2022-04-29 02:19:49
210,Kristiansund,63.1115,7.732,39.25,87,100,3.44,NO,2022-04-29 02:19:49
211,Eldorado,-23.7869,-54.2836,73.08,71,10,5.55,BR,2022-04-29 02:19:50
212,Dubuque,42.4833,-90.8668,48.79,66,40,12.66,US,2022-04-29 02:18:01
213,Madang,-5.2246,145.7966,88.32,61,100,3.69,PG,2022-04-29 02:19:50
214,Cookeville,36.1628,-85.5016,65.19,81,0,0.0,US,2022-04-29 02:19:51
215,Agua Dulce,18.1333,-94.1333,76.95,81,1,7.76,MX,2022-04-29 02:17:45
216,Wickford,51.611,0.5233,48.33,85,0,6.91,GB,2022-04-29 02:19:51
217,Deputatskiy,69.3,139.9,15.21,81,81,3.0,RU,2022-04-29 02:19:52
218,Guntakal,15.1667,77.3833,89.35,33,17,2.37,IN,2022-04-29 02:19:52
219,Tasiilaq,65.6145,-37.6368,28.56,84,60,5.55,GL,2022-04-29 02:19:52
220,Provideniya,64.3833,-173.3,30.36,93,75,22.37,RU,2022-04-29 02:16:16
221,Burley,42.5357,-113.7928,45.19,74,40,14.0,US,2022-04-29 02:15:21
222,Anadyr,64.75,177.4833,32.5,69,0,2.24,RU,2022-04-29 02:19:53
223,Khatanga,71.9667,102.5,17.1,90,63,2.53,RU,2022-04-29 02:19:54
224,Mahebourg,-20.4081,57.7,74.25,94,40,4.61,MU,2022-04-29 02:19:54
225,Christchurch,-43.5333,172.6333,64.42,69,1,11.5,NZ,2022-04-29 02:20:26
226,Sola,-13.8833,167.55,81.68,73,100,7.36,VU,2022-04-29 02:20:19
227,Fria,10.4167,-13.5833,75.22,91,94,1.57,GN,2022-04-29 02:20:55
228,Kieta,-6.2167,155.6333,86.58,59,99,4.21,PG,2022-04-29 02:20:55
229,Eyl,7.9803,49.8164,81.77,77,11,2.95,SO,2022-04-29 02:20:55
230,Beloha,-25.1667,45.05,63.66,77,1,9.95,MG,2022-04-29 02:20:56
231,Elat,29.5581,34.9482,69.64,28,0,6.91,IL,2022-04-29 02:20:56
232,Airai,-8.9266,125.4092,74.7,45,82,2.15,TL,2022-04-29 02:20:57
233,Ronneby,56.21,15.276,37.9,100,100,2.3,SE,2022-04-29 02:16:18
234,Flinders,-34.5833,150.8552,82.06,69,47,5.99,AU,2022-04-29 02:20:57
235,Sawakin,19.1059,37.3321,79.02,76,0,4.65,SD,2022-04-29 02:20:58
236,Gornopravdinsk,60.05,69.9,43.72,89,95,10.18,RU,2022-04-29 02:20:58
237,Cherskiy,68.75,161.3,21.34,90,99,11.48,RU,2022-04-29 02:20:58
238,Kurilsk,45.2333,147.8833,37.09,69,75,13.58,RU,2022-04-29 02:20:59
239,Caconda,-13.7333,15.0667,62.26,78,94,3.27,AO,2022-04-29 02:20:59
240,Bom Jesus,-9.0744,-44.3586,78.28,63,76,3.02,BR,2022-04-29 02:21:00
241,Bilma,18.6853,12.9164,85.15,10,100,9.26,NE,2022-04-29 02:21:00
242,Broken Hill,-31.95,141.4333,76.96,32,99,13.38,AU,2022-04-29 02:21:01
243,Bredasdorp,-34.5322,20.0403,56.57,95,100,6.44,ZA,2022-04-29 02:21:01
244,Kodinsk,58.6881,99.1844,46.51,85,98,9.22,RU,2022-04-29 02:21:01
245,Tarnogskiy Gorodok,60.4997,43.5761,25.75,75,95,5.91,RU,2022-04-29 02:21:02
246,Hoi An,15.8794,108.335,85.96,78,100,5.14,VN,2022-04-29 02:21:03
247,Tsabong,-26.0217,22.401,65.01,56,80,10.22,BW,2022-04-29 02:21:03
248,Luganville,-15.5333,167.1667,85.06,71,100,2.89,VU,2022-04-29 02:21:04
249,Nouadhibou,20.931,-17.0347,64.38,88,75,17.27,MR,2022-04-29 02:21:04
250,Marang,5.2056,103.2059,85.91,68,71,1.88,MY,2022-04-29 02:21:05
251,Alta Floresta,-9.8756,-56.0861,72.32,76,24,3.65,BR,2022-04-29 02:21:05
252,Calama,-22.4667,-68.9333,50.49,12,0,17.27,CL,2022-04-29 02:21:06
253,Port Blair,11.6667,92.75,86.04,79,75,2.3,IN,2022-04-29 02:21:06
254,Walvis Bay,-22.9575,14.5053,61.75,72,26,6.91,NA,2022-04-29 02:21:07
255,Vostok,46.4856,135.8833,45.93,28,0,9.17,RU,2022-04-29 02:21:07
256,Havre-Saint-Pierre,50.2334,-63.5986,35.96,87,100,17.27,CA,2022-04-29 02:21:08
257,Pevek,69.7008,170.3133,29.03,94,100,9.17,RU,2022-04-29 02:21:08
258,Hobbs,32.7026,-103.136,80.2,7,0,10.36,US,2022-04-29 02:21:09
259,Padang,-0.9492,100.3543,84.25,73,99,0.47,ID,2022-04-29 02:21:09
260,Cockburn Town,21.4612,-71.1419,75.6,59,19,14.99,TC,2022-04-29 02:21:09
261,Neon Karlovasion,37.7903,26.7044,62.91,75,0,7.05,GR,2022-04-29 02:21:10
262,Torbay,47.6666,-52.7314,36.88,96,100,3.44,CA,2022-04-29 02:21:11
263,Mana,5.6592,-53.7767,78.15,87,88,10.76,GF,2022-04-29 02:21:11
264,Gat,31.61,34.7642,70.39,57,0,3.31,IL,2022-04-29 02:17:32
265,Cayenne,4.9333,-52.3333,76.08,1,75,6.91,GF,2022-04-29 02:18:48
266,Scottsboro,34.6723,-86.0341,64.11,67,75,0.0,US,2022-04-29 02:21:12
267,Sitka,57.0531,-135.33,51.69,62,40,10.36,US,2022-04-29 02:21:12
268,Salisbury,51.0693,-1.7957,44.44,87,40,5.75,GB,2022-04-29 02:16:14
269,Kaitong,44.8135,123.15,60.66,15,100,14.5,CN,2022-04-29 02:21:13
270,Fez,34.0372,-4.9998,46.65,100,40,5.75,MA,2022-04-29 02:19:15
271,Seoul,37.5683,126.9778,56.77,54,75,11.5,KR,2022-04-29 02:16:47
272,Videira,-27.0083,-51.1517,65.39,99,93,1.28,BR,2022-04-29 02:22:13
273,Lata,40.1629,-8.3327,53.08,85,28,4.18,PT,2022-04-29 02:22:14
274,Najran,17.4924,44.1277,61.45,53,0,2.42,SA,2022-04-29 02:22:14
275,Mackay,-21.15,149.2,82.69,73,40,19.22,AU,2022-04-29 02:22:14
276,Naze,28.3667,129.4833,76.12,87,54,20.92,JP,2022-04-29 02:22:15
277,Pangnirtung,66.1451,-65.7125,17.1,83,100,8.68,CA,2022-04-29 02:22:15
278,Sorong,-0.8833,131.25,82.51,74,100,8.14,ID,2022-04-29 02:22:16
279,Uzventis,55.7803,22.6547,39.27,63,100,5.61,LT,2022-04-29 02:22:16
280,Klaksvik,62.2266,-6.589,41.92,78,8,3.85,FO,2022-04-29 02:22:17
281,Yining,29.0361,114.5636,55.33,89,100,2.84,CN,2022-04-29 02:18:54
282,Samoded,63.6083,40.5111,25.21,89,74,6.58,RU,2022-04-29 02:20:10
283,Adrar,20.5022,-10.0711,72.37,16,0,9.33,MR,2022-04-29 02:22:17
284,Kumo,10.0447,11.2122,81.68,55,100,11.39,NG,2022-04-29 02:22:18
285,Melville,40.7934,-73.4151,48.6,30,0,8.99,US,2022-04-29 02:22:18
286,Leh,34.1667,77.5833,40.5,76,99,3.51,IN,2022-04-29 02:22:19
287,Coquimbo,-29.9533,-71.3436,56.93,94,0,9.22,CL,2022-04-29 02:22:19
288,Estevan,49.1334,-102.9842,41.22,81,0,6.91,CA,2022-04-29 02:22:20
289,Henties Bay,-22.116,14.2845,63.54,69,32,6.76,NA,2022-04-29 02:22:20
290,Sioux Lookout,50.1001,-91.917,42.87,24,100,4.61,CA,2022-04-29 02:22:20
291,Geraldton,-28.7667,114.6,68.41,52,0,12.66,AU,2022-04-29 02:22:21
292,Ambon,-3.6954,128.1814,87.94,74,40,1.14,ID,2022-04-29 02:22:21
293,Itarema,-2.9248,-39.9167,76.39,89,21,6.67,BR,2022-04-29 02:22:22
294,Svetlyy,54.675,20.1347,37.96,59,21,2.15,RU,2022-04-29 02:21:35
295,Zhigansk,66.7697,123.3711,26.89,93,85,12.33,RU,2022-04-29 02:22:22
296,Kalmunai,7.4167,81.8167,82.0,81,81,5.93,LK,2022-04-29 02:22:23
297,Payson,40.0444,-111.7321,62.58,48,52,5.84,US,2022-04-29 02:22:23
298,Nome,64.5011,-165.4064,42.87,70,100,12.66,US,2022-04-29 02:22:24
299,Tongzi,28.7829,105.0877,72.59,65,1,2.37,CN,2022-04-29 02:22:24
300,Kropotkin,45.4375,40.5756,55.53,78,99,13.53,RU,2022-04-29 02:22:25
301,Andros,37.8333,24.9333,64.96,80,6,19.42,GR,2022-04-29 02:22:25
302,Jacareacanga,-6.2222,-57.7528,73.29,97,100,2.19,BR,2022-04-29 02:22:26
303,Sturgeon Falls,46.3646,-79.9326,38.08,69,0,4.76,CA,2022-04-29 02:22:26
304,Ostrovnoy,68.0531,39.5131,15.06,86,57,19.62,RU,2022-04-29 02:17:39
305,Kidal,18.4411,1.4078,78.91,10,100,8.55,ML,2022-04-29 02:22:27
306,Iguape,-24.7081,-47.5553,76.39,74,68,5.55,BR,2022-04-29 02:22:28
307,Oskemen,49.9565,82.6119,49.96,50,4,0.0,KZ,2022-04-29 02:22:28
308,Coahuayana,18.7333,-103.6833,74.41,81,0,2.44,MX,2022-04-29 02:22:28
309,Sidrolandia,-20.9319,-54.9614,74.5,47,50,1.54,BR,2022-04-29 02:22:29
310,Pailitas,8.9565,-73.6255,76.32,93,100,2.82,CO,2022-04-29 02:22:29
311,Bilibino,68.0546,166.4372,31.64,92,100,1.48,RU,2022-04-29 02:22:30
312,Shar,49.5886,81.0453,58.06,37,6,11.45,KZ,2022-04-29 02:22:30
313,Puerto Madryn,-42.7692,-65.0385,45.61,37,0,7.78,AR,2022-04-29 02:20:04
314,Pontianak,-0.0333,109.3333,84.18,79,40,6.91,ID,2022-04-29 02:22:31
315,Mount Darwin,-16.7725,31.5838,60.21,78,94,1.86,ZW,2022-04-29 02:22:31
316,Macau,22.2006,113.5461,89.85,83,40,9.22,MO,2022-04-29 02:22:31
317,Gelibolu,40.4103,26.6708,53.46,80,1,9.13,TR,2022-04-29 02:22:32
318,Monrovia,6.3005,-10.7969,77.83,85,100,8.95,LR,2022-04-29 02:18:59
319,Rosario,-32.9468,-60.6393,53.94,43,0,8.05,AR,2022-04-29 02:19:46
320,Partizanskoye,55.5006,94.39,53.19,53,100,16.4,RU,2022-04-29 02:21:25
321,Cidreira,-30.1811,-50.2056,66.27,86,100,7.58,BR,2022-04-29 02:23:33
322,Akdepe,42.0551,59.3788,62.69,23,0,6.44,TM,2022-04-29 02:23:33
323,Souillac,-20.5167,57.5167,71.98,94,40,4.61,MU,2022-04-29 02:23:33
324,Half Moon Bay,37.4636,-122.4286,59.58,70,0,28.77,US,2022-04-29 02:23:34
325,Doka,13.5167,35.7667,82.06,22,0,8.16,SD,2022-04-29 02:23:34
326,Cravo Norte,6.3017,-70.2041,84.87,59,99,2.15,CO,2022-04-29 02:23:35
327,Vanderhoof,54.0166,-124.0198,46.69,54,97,8.05,CA,2022-04-29 02:23:35
328,Clearwater,27.9659,-82.8001,76.98,68,40,15.99,US,2022-04-29 02:23:36
329,Vanimo,-2.6741,141.3028,87.19,62,100,4.12,PG,2022-04-29 02:23:36
330,Ust-Koksa,50.2696,85.6108,46.49,60,6,2.33,RU,2022-04-29 02:23:36
331,Castro,-24.7911,-50.0119,62.24,90,100,3.94,BR,2022-04-29 02:18:56
332,Vyazemskiy,47.5378,134.7525,52.59,31,3,11.99,RU,2022-04-29 02:23:37
333,Chunskiy,56.0815,99.6342,48.9,75,100,5.91,RU,2022-04-29 02:23:37
334,Tuatapere,-46.1333,167.6833,58.05,67,100,2.01,NZ,2022-04-29 02:23:38
335,Xining,36.6167,101.7667,42.22,84,100,6.69,CN,2022-04-29 02:23:38
336,Kanigoro,-8.13,112.219,84.18,72,18,4.85,ID,2022-04-29 02:23:39
337,Maldonado,-34.6667,-54.9167,55.22,60,5,6.22,UY,2022-04-29 02:23:39
338,Kamaishi,39.2667,141.8833,50.23,49,100,9.44,JP,2022-04-29 02:23:39
339,Cedral,23.8,-100.7333,75.09,32,68,7.99,MX,2022-04-29 02:23:40
340,Caravelas,-17.7125,-39.2481,74.3,87,0,4.14,BR,2022-04-29 02:23:40
341,Inirida,3.8653,-67.9239,75.18,95,100,1.45,CO,2022-04-29 02:23:41
342,Ngunguru,-35.6167,174.5,62.4,79,69,14.92,NZ,2022-04-29 02:23:41
343,Ginda,30.6945,78.4932,72.93,21,3,4.16,IN,2022-04-29 02:19:06
344,Sao Gabriel Da Cachoeira,-0.1303,-67.0892,73.53,98,100,1.57,BR,2022-04-29 02:23:42
345,Viedma,-40.8135,-62.9967,44.55,45,17,7.43,AR,2022-04-29 02:23:42
346,Natal,-5.795,-35.2094,79.02,89,20,4.61,BR,2022-04-29 02:23:42
347,Koryukivka,51.7688,32.2481,37.51,83,13,4.56,UA,2022-04-29 02:23:43
348,Premia De Mar,41.4921,2.3652,65.19,67,9,1.01,ES,2022-04-29 02:23:43
349,Arinos,-15.9169,-46.1056,72.7,55,68,2.84,BR,2022-04-29 02:23:44
350,Tromso,69.6496,18.957,26.62,80,20,14.63,NO,2022-04-29 02:21:39
351,Buala,-8.145,159.5921,85.69,69,100,4.09,SB,2022-04-29 02:23:44
352,Lucapa,-8.4192,20.7447,64.85,97,99,3.49,AO,2022-04-29 02:23:45
353,Lianran,24.9227,102.485,68.54,28,0,10.6,CN,2022-04-29 02:23:45
354,Sao Sebastiao Do Paraiso,-20.9169,-46.9914,63.48,62,20,2.48,BR,2022-04-29 02:23:46
355,Athabasca,54.7169,-113.2854,45.01,66,88,8.61,CA,2022-04-29 02:23:46
356,Abalak,58.1286,68.5944,46.9,76,95,10.45,RU,2022-04-29 02:23:47
357,Mount Isa,-20.7333,139.5,89.37,45,45,14.97,AU,2022-04-29 02:23:47
358,Nelson Bay,-32.7167,152.15,79.09,76,77,5.26,AU,2022-04-29 02:23:47
359,Kwinana,-32.25,115.7667,68.34,59,3,1.99,AU,2022-04-29 02:23:48
360,Rutul,41.5357,47.4239,48.79,87,28,2.73,RU,2022-04-29 02:23:48
361,Kings Mountain,35.2451,-81.3412,61.68,54,0,0.0,US,2022-04-29 02:23:49
362,Ondjiva,-17.0667,15.7333,67.05,61,20,6.8,AO,2022-04-29 02:23:49
363,Dashitou,43.3067,128.5114,57.25,21,0,3.96,CN,2022-04-29 02:23:49
364,Nantucket,41.2835,-70.0995,50.11,47,20,18.41,US,2022-04-29 02:21:33
365,Huarmey,-10.0681,-78.1522,66.78,89,61,7.25,PE,2022-04-29 02:23:50
366,Bandarbeyla,9.4942,50.8122,82.58,79,28,2.59,SO,2022-04-29 02:23:50
367,Andra,62.5147,65.8878,29.01,92,98,11.18,RU,2022-04-29 02:23:51
368,Komsomolskiy,40.4272,71.7189,66.92,63,100,2.3,UZ,2022-04-29 02:24:51
369,Gallup,35.5281,-108.7426,65.16,13,0,19.57,US,2022-04-29 02:24:52
370,Wabag,-5.4781,143.7021,65.93,85,100,2.39,PG,2022-04-29 02:24:52
371,Aykhal,66.0,111.5,33.58,99,26,10.07,RU,2022-04-29 02:24:53
372,Sakata,38.9167,139.855,60.98,41,75,17.27,JP,2022-04-29 02:24:53
373,Vieques,18.425,-65.8329,77.11,69,20,8.05,PR,2022-04-29 02:24:53
374,Aswan,24.0934,32.907,81.93,12,0,7.45,EG,2022-04-29 02:24:54
375,Olafsvik,64.8945,-23.7142,45.68,92,100,9.53,IS,2022-04-29 02:24:54
376,Khromtau,50.2503,58.4347,53.78,48,11,7.61,KZ,2022-04-29 02:24:55
377,Port Lincoln,-34.7333,135.8667,66.47,65,100,14.92,AU,2022-04-29 02:24:55
378,Port Hawkesbury,45.6169,-61.3485,41.63,98,100,11.5,CA,2022-04-29 02:24:55
379,Lashio,22.9333,97.75,87.62,21,4,1.19,MM,2022-04-29 02:24:56
380,Yangshe,31.8899,120.6052,60.01,80,100,1.99,CN,2022-04-29 02:24:56
381,Koyelga,54.6522,60.9049,46.13,74,100,12.46,RU,2022-04-29 02:24:57
382,Shenjiamen,29.9576,122.298,56.7,87,100,20.18,CN,2022-04-29 02:23:54
383,Siilinjarvi,63.0833,27.6667,24.82,86,0,8.05,FI,2022-04-29 02:24:57
384,Lasa,46.6166,10.7002,45.48,61,0,1.52,IT,2022-04-29 02:24:58
385,Los Llanos De Aridane,28.6585,-17.9182,62.35,92,75,10.36,ES,2022-04-29 02:24:58
386,Ahipara,-35.1667,173.1667,67.01,60,39,5.86,NZ,2022-04-29 02:24:58
387,Luorong,24.4058,109.6086,74.23,78,40,11.56,CN,2022-04-29 02:24:59
388,Charters Towers,-20.1,146.2667,81.37,49,83,10.71,AU,2022-04-29 02:24:59
389,Namatanai,-3.6667,152.4333,86.43,63,100,4.85,PG,2022-04-29 02:25:00
390,Lorengau,-2.0226,147.2712,85.32,68,84,2.98,PG,2022-04-29 02:25:00
391,Awbari,26.5921,12.7805,71.04,18,0,7.07,LY,2022-04-29 02:25:00
392,Great Yarmouth,52.6083,1.7305,45.41,81,100,10.09,GB,2022-04-29 02:25:01
393,Kosa,59.9445,54.9977,22.77,88,17,2.82,RU,2022-04-29 02:25:01
394,Beringovskiy,63.05,179.3167,27.81,84,99,14.99,RU,2022-04-29 02:25:02
395,Llangefni,53.2556,-4.3106,43.11,81,5,3.44,GB,2022-04-29 02:25:02
396,Yulara,-25.2406,130.9889,75.04,38,100,12.66,AU,2022-04-29 02:25:03
397,Namanga,-2.5433,36.7905,64.54,91,100,5.32,KE,2022-04-29 02:25:03
398,Saint Paul,44.9444,-93.0933,50.67,67,100,21.85,US,2022-04-29 02:20:12
399,Chuy,-33.6971,-53.4616,48.94,68,0,8.77,UY,2022-04-29 02:25:04
400,Bonavista,48.6499,-53.1147,36.27,95,100,9.08,CA,2022-04-29 02:21:40
401,Constantine,36.365,6.6147,53.01,93,75,3.44,DZ,2022-04-29 02:23:16
402,San Quintin,30.4833,-115.95,58.84,71,0,21.36,MX,2022-04-29 02:25:04
403,Tubmanburg,6.8708,-10.8172,73.71,99,100,0.16,LR,2022-04-29 02:25:05
404,Illela,13.7292,5.2975,82.69,22,68,7.07,NG,2022-04-29 02:25:05
405,Mehamn,71.0357,27.8492,25.97,82,100,17.85,NO,2022-04-29 02:25:06
406,Waddan,29.1614,16.139,62.73,59,0,11.63,LY,2022-04-29 02:25:06
407,Nemuro,43.3236,145.575,42.15,65,100,11.1,JP,2022-04-29 02:25:07
408,Entre Rios,-11.9419,-38.0844,71.01,95,100,3.4,BR,2022-04-29 02:25:07
409,Petropavlovsk-Kamchatskiy,53.0452,158.6483,45.19,57,75,13.42,RU,2022-04-29 02:25:07
410,Griffith,41.5284,-87.4237,50.05,63,100,12.66,US,2022-04-29 02:25:08
411,Midland,31.9974,-102.0779,79.47,49,0,20.71,US,2022-04-29 02:20:50
412,Sur,22.5667,59.5289,87.94,39,60,9.42,OM,2022-04-29 02:25:09
413,Vila,42.0304,-8.1588,47.28,87,52,4.0,PT,2022-04-29 02:25:09
414,Del Rio,29.3627,-100.8968,82.51,51,0,10.36,US,2022-04-29 02:25:09
415,Matara,5.9485,80.5353,81.93,76,87,4.9,LK,2022-04-29 02:26:10
416,Tinskoy,56.1525,96.9161,53.67,57,75,9.86,RU,2022-04-29 02:26:10
417,Salcininkai,54.3,25.3833,36.84,66,17,4.92,LT,2022-04-29 02:26:11
418,Laranjeiras Do Sul,-25.4078,-52.4161,63.0,96,30,2.64,BR,2022-04-29 02:26:11
419,Samsun,41.25,36.3333,54.0,86,75,3.44,TR,2022-04-29 02:26:12
420,Bata,1.8639,9.7658,78.3,84,87,2.39,GQ,2022-04-29 02:26:12
421,Berlevag,70.8578,29.0864,22.8,73,100,21.9,NO,2022-04-29 02:26:13
422,Dalbandin,28.8947,64.4101,82.49,19,0,4.36,PK,2022-04-29 02:26:13
423,Opuwo,-18.0607,13.84,72.55,38,88,2.91,NA,2022-04-29 02:21:58
424,Northam,51.0333,-4.2167,42.66,87,95,6.51,GB,2022-04-29 02:26:13
425,Salalah,17.0151,54.0924,84.29,84,20,4.61,OM,2022-04-29 02:26:14
426,San Rafael Del Sur,11.8485,-86.4384,79.77,57,57,12.19,NI,2022-04-29 02:26:14
427,Jales,-20.2689,-50.5458,73.56,45,39,6.87,BR,2022-04-29 02:26:15
428,Bolu,40.6667,31.5833,49.73,80,1,1.36,TR,2022-04-29 02:26:15
429,Lusambo,-4.9667,23.45,69.35,99,100,1.16,CD,2022-04-29 02:26:16
430,Murgab,37.4966,61.9714,73.9,27,9,5.84,TM,2022-04-29 02:26:16
431,Pangody,65.85,74.4859,21.56,86,100,11.07,RU,2022-04-29 02:26:17
432,Avera,33.194,-82.5271,60.31,50,5,4.83,US,2022-04-29 02:26:17
433,Stornoway,58.2093,-6.3865,46.92,85,70,5.75,GB,2022-04-29 02:26:18
434,Charyshskoye,51.3978,83.5598,56.64,49,10,4.03,RU,2022-04-29 02:26:18
435,Ormara,25.2088,64.6357,83.3,79,0,14.43,PK,2022-04-29 02:26:18
436,Oksfjord,70.2396,22.3479,26.67,83,100,19.66,NO,2022-04-29 02:26:19
437,Hasaki,35.7333,140.8333,59.4,81,100,17.18,JP,2022-04-29 02:26:19
438,Shimanovsk,52.0,127.7,43.72,21,100,7.58,RU,2022-04-29 02:26:20
439,Chanderi,24.7167,78.1333,92.01,14,2,16.67,IN,2022-04-29 02:26:21
440,Sao Filipe,14.8961,-24.4956,71.4,73,5,8.39,CV,2022-04-29 02:26:21
441,Mosquera,4.7059,-74.2302,51.89,100,75,2.3,CO,2022-04-29 02:26:22
442,Lubao,14.9167,120.55,92.91,52,95,10.69,PH,2022-04-29 02:26:23
443,Serebryanyy Bor,56.8,124.8,29.68,67,100,9.8,RU,2022-04-29 02:26:23
444,Black River,18.0264,-77.8487,76.3,75,15,1.95,JM,2022-04-29 02:26:24
445,Dingle,10.9995,122.6711,85.46,70,100,9.64,PH,2022-04-29 02:26:24
446,Tshela,-4.9833,12.9333,73.15,100,100,2.13,CD,2022-04-29 02:26:25
447,Mitu,1.1983,-70.1733,73.53,98,100,1.61,CO,2022-04-29 02:24:11
448,Luwuk,-0.9516,122.7875,85.78,68,86,2.86,ID,2022-04-29 02:21:28
449,Kisaran,2.9845,99.6158,82.81,79,65,4.05,ID,2022-04-29 02:26:26
450,Mountain Home,43.133,-115.6912,44.08,100,75,17.27,US,2022-04-29 02:25:54
451,Kavaratti,10.5669,72.642,84.67,75,75,5.19,IN,2022-04-29 02:22:46
452,Yeniseysk,58.4497,92.1703,52.84,82,100,7.58,RU,2022-04-29 02:26:27
453,Karratha,-20.7377,116.8463,74.46,73,100,15.97,AU,2022-04-29 02:26:28
454,Moose Factory,51.2585,-80.6094,31.98,59,0,2.3,CA,2022-04-29 02:26:29
455,Ohangaron,40.9064,69.6383,66.34,36,100,5.21,UZ,2022-04-29 02:26:29
456,Marzuq,14.4,46.4667,69.44,48,14,4.56,YE,2022-04-29 02:26:30
457,Valpacos,41.6075,-7.3109,49.87,83,1,1.9,PT,2022-04-29 02:26:30
458,Iquique,-20.2208,-70.1431,62.64,78,68,1.03,CL,2022-04-29 02:26:31
459,Namibe,-15.1961,12.1522,73.0,70,5,5.03,AO,2022-04-29 02:26:31
460,Asfi,32.2994,-9.2372,57.6,78,50,14.72,MA,2022-04-29 02:26:32
461,Masumbwe,-3.6333,32.1833,64.09,96,100,1.99,TZ,2022-04-29 02:26:32
462,Shirokiy,49.758,129.523,52.52,33,88,13.38,RU,2022-04-29 02:26:33
463,Hualmay,-11.0964,-77.6139,66.0,90,75,6.49,PE,2022-04-29 02:27:33
464,Finote Selam,10.7,37.2667,61.59,29,2,3.56,ET,2022-04-29 02:27:34
465,Parati,-23.2178,-44.7131,75.24,72,31,4.92,BR,2022-04-29 02:27:34
466,Konispol,39.6589,20.1814,60.66,71,92,4.7,AL,2022-04-29 02:27:35
467,Roald,62.5833,6.1333,43.75,81,75,3.44,NO,2022-04-29 02:27:35
468,Piacabucu,-10.4056,-36.4344,76.19,83,100,6.11,BR,2022-04-29 02:27:36
469,Kvitok,56.0724,98.4813,49.05,68,100,6.51,RU,2022-04-29 02:27:36
470,Quatre Cocos,-20.2078,57.7625,74.08,81,16,8.1,MU,2022-04-29 02:27:36
471,Divnogorsk,55.9594,92.3619,59.49,94,100,7.87,RU,2022-04-29 02:27:37
472,Lagos,6.5833,3.75,77.56,83,70,1.5,NG,2022-04-29 02:23:47
473,Muisne,0.6,-80.0333,76.44,88,99,7.18,EC,2022-04-29 02:27:37
474,Barcelona,41.3888,2.159,64.72,67,0,11.5,ES,2022-04-29 02:23:55
475,Mayo,38.8876,-76.5119,53.55,53,0,8.05,US,2022-04-29 02:27:38
476,Mossendjo,-2.9506,12.7261,68.72,100,99,0.72,CG,2022-04-29 02:27:38
477,Albolote,37.2309,-3.6551,50.34,78,0,3.44,ES,2022-04-29 02:27:39
478,Lodja,-3.4833,23.4333,69.4,98,100,1.05,CD,2022-04-29 02:27:39
479,Itaituba,-4.2761,-55.9836,75.24,94,89,2.44,BR,2022-04-29 02:27:39
480,Brae,60.3964,-1.353,44.8,81,94,5.68,GB,2022-04-29 02:27:40
481,Kankan,10.3854,-9.3057,74.59,79,100,6.35,GN,2022-04-29 02:27:40
482,Ban Nahin,18.2418,104.2122,91.54,57,97,1.41,LA,2022-04-29 02:27:41
483,Alofi,-19.0595,-169.9187,82.29,78,40,13.8,NU,2022-04-29 02:27:41
484,Uniao,-4.5858,-42.8642,74.26,96,100,3.44,BR,2022-04-29 02:27:41
485,Lidzbark Warminski,54.1259,20.5795,35.71,76,42,1.23,PL,2022-04-29 02:27:42
486,Winslow,35.0242,-110.6974,68.18,10,0,17.27,US,2022-04-29 02:26:07
487,Banff,51.1762,-115.5698,42.03,26,93,4.61,CA,2022-04-29 02:27:42
488,Ouadda,8.0777,22.4007,68.16,90,100,2.21,CF,2022-04-29 02:27:43
489,Maues,-3.3836,-57.7186,74.82,94,100,1.25,BR,2022-04-29 02:24:14
490,Pangai,-19.8,-174.35,80.71,74,100,17.27,TO,2022-04-29 02:27:43
491,Ariquemes,-9.9133,-63.0408,74.7,88,100,2.3,BR,2022-04-29 02:27:44
492,Slave Lake,55.2834,-114.769,37.38,87,100,10.36,CA,2022-04-29 02:24:07
493,Prince George,53.9166,-122.753,52.25,43,0,6.91,CA,2022-04-29 02:27:44
494,Gizycko,54.0381,21.7644,35.02,76,31,2.91,PL,2022-04-29 02:27:45
495,Bud,39.447,-86.1758,57.88,69,100,9.4,US,2022-04-29 02:27:45
496,Vao,-22.6667,167.4833,75.16,72,100,24.36,NC,2022-04-29 02:27:46
497,Nouakchott,18.0858,-15.9785,67.93,75,0,14.97,MR,2022-04-29 02:24:12
498,Nanzhang,31.7765,111.8386,58.57,69,95,4.9,CN,2022-04-29 02:27:46
499,Arlit,18.7369,7.3853,76.64,9,74,5.64,NE,2022-04-29 02:27:47
500,Cabinda,-5.55,12.2,75.65,94,100,6.2,AO,2022-04-29 02:27:47
501,Queenstown,-31.8976,26.8753,53.62,66,13,6.38,ZA,2022-04-29 02:27:47
502,Mananjary,-21.2167,48.3333,70.03,84,100,8.66,MG,2022-04-29 02:27:48
503,Port Keats,-14.25,129.55,89.98,53,40,4.18,AU,2022-04-29 02:27:48
504,Kanniyakumari,8.0833,77.5667,84.15,79,85,9.82,IN,2022-04-29 02:27:49
505,Aitape,-3.1374,142.3475,86.23,65,100,5.03,PG,2022-04-29 02:27:49
506,Turochak,52.2576,87.1224,54.46,52,50,2.68,RU,2022-04-29 02:27:49
507,Nanortalik,60.1432,-45.2371,37.94,84,100,3.76,GL,2022-04-29 02:27:50
508,Beveren,51.2559,4.2371,49.06,84,0,5.75,BE,2022-04-29 02:27:50
509,Santa Maria,-29.6842,-53.8069,56.5,94,100,2.3,BR,2022-04-29 02:28:51
510,Eureka,40.8021,-124.1637,57.67,69,7,1.01,US,2022-04-29 02:28:51
511,Takaka,-40.85,172.8,60.57,66,53,5.08,NZ,2022-04-29 02:28:52
512,Lakota,5.8528,-5.6883,72.03,93,98,2.86,CI,2022-04-29 02:28:52
513,Ferzikovo,54.5191,36.7567,31.64,93,100,2.93,RU,2022-04-29 02:28:52
514,Mocuba,-16.8392,36.9856,62.96,99,40,4.07,MZ,2022-04-29 02:28:53
515,Sorland,67.667,12.6934,35.08,60,100,14.23,NO,2022-04-29 02:28:53
516,Garowe,8.4054,48.4845,74.84,81,5,5.08,SO,2022-04-29 02:28:54
517,Odweyne,9.4092,45.064,76.73,57,100,6.98,SO,2022-04-29 02:28:54
518,Harper,4.375,-7.7169,79.18,81,93,2.15,LR,2022-04-29 02:28:55
519,Tabuk,17.4189,121.4443,87.3,56,100,6.49,PH,2022-04-29 02:28:55
520,Cap Malheureux,-19.9842,57.6142,74.46,78,12,3.0,MU,2022-04-29 02:28:56
521,Syasstroy,60.1367,32.5691,31.37,66,100,9.04,RU,2022-04-29 02:28:56
522,Fortuna,40.5982,-124.1573,55.9,68,0,11.5,US,2022-04-29 02:28:56
523,Andijon,40.7821,72.3442,67.28,67,100,2.3,UZ,2022-04-29 02:28:57
524,Saint-Joseph,-21.3667,55.6167,73.78,77,24,8.48,RE,2022-04-29 02:28:57
525,Sterlibashevo,53.4376,55.2578,38.03,84,12,11.68,RU,2022-04-29 02:28:58
526,Constitucion,-35.3333,-72.4167,49.71,70,4,7.18,CL,2022-04-29 02:25:56
527,Quang Ngai,15.1167,108.8,85.69,69,100,4.16,VN,2022-04-29 02:28:58
528,Yaan,7.3833,8.5667,77.14,77,100,3.6,NG,2022-04-29 02:28:59
529,Owerri,5.4833,7.0304,74.41,93,76,3.44,NG,2022-04-29 02:28:59
530,Staryy Nadym,65.6118,72.6842,22.77,94,100,11.39,RU,2022-04-29 02:28:59
531,Kingaroy,-26.5333,151.8333,73.44,68,40,10.36,AU,2022-04-29 02:29:00
532,Victoria Point,-27.5833,153.3,81.18,73,60,4.0,AU,2022-04-29 02:29:00
533,Alihe,50.5667,123.7167,45.19,46,100,6.8,CN,2022-04-29 02:29:01
534,Nakatunguru,-2.1167,33.0667,69.75,84,100,9.48,TZ,2022-04-29 02:29:01
535,Rockport,28.0206,-97.0544,77.05,87,20,17.27,US,2022-04-29 02:29:02
536,Zwedru,6.0667,-8.1281,73.29,96,78,2.66,LR,2022-04-29 02:29:02
537,Narsaq,60.9167,-46.05,43.02,83,100,1.16,GL,2022-04-29 02:27:42
538,Zlitan,32.4674,14.5687,62.04,89,4,10.16,LY,2022-04-29 02:29:02
539,Sistranda,63.7256,8.834,37.36,67,100,13.87,NO,2022-04-29 02:29:03
540,Santa Rosa,14.3122,121.1114,91.38,69,93,14.9,PH,2022-04-29 02:29:03
541,Balti,47.7617,27.9289,47.39,96,100,6.46,MD,2022-04-29 02:29:04
542,Panacan,9.2463,118.4082,83.14,80,98,8.43,PH,2022-04-29 02:29:04
543,Feodosiya,45.0333,35.3833,53.96,81,93,10.49,UA,2022-04-29 02:29:04
544,Aberdeen,57.1437,-2.0981,50.49,75,100,4.61,GB,2022-04-29 02:29:05
545,North Bend,43.4065,-124.2243,54.25,91,100,13.8,US,2022-04-29 02:29:05
546,Pisco,-13.7,-76.2167,66.25,82,0,5.75,PE,2022-04-29 02:29:06
547,Labuhan,-6.8844,112.2051,83.57,78,100,2.62,ID,2022-04-29 02:29:06
548,Zherdevka,51.8486,41.4606,42.55,66,94,8.34,RU,2022-04-29 02:29:06
549,Pemba,-12.974,40.5178,72.3,94,20,9.22,MZ,2022-04-29 02:29:07
550,Ust-Tsilma,65.441,52.1498,25.27,82,25,8.41,RU,2022-04-29 02:29:07
551,Purranque,-40.9167,-73.1667,33.28,97,5,1.99,CL,2022-04-29 02:29:08
